{
  "0": 0.015447186525574105,
  "1": 0.010519179159201867,
  "2": 0.008670768073771012,
  "3": 0.0060084824125992255,
  "4": 0.005395803639864449,
  "5": 0.0051107608685069875,
  "6": 0.004619073128895323,
  "7": 0.003728072560532394,
  "8": 0.004271893488895877,
  "9": 0.004140011743552843,
  " ": 0.16207147134987893,
  "e": 0.05829708620649047,
  "t": 0.046335396832939635,
  "a": 0.034647682089978434,
  "i": 0.033764048725901705,
  "r": 0.03368991726786368,
  "n": 0.033030395812743155,
  "s": 0.03235236073202069,
  "o": 0.031299646794568536,
  "\n": 0.024398304512581598,
  "l": 0.02333740711119501,
  "c": 0.019732180910057722,
  "d": 0.019715603541110877,
  ",": 0.018441564548453505,
  "\"": 0.01782475854700095,
  "p": 0.01622810620515857,
  "u": 0.015353734677528685,
  ".": 0.014076018486496589,
  "m": 0.013896320354745379,
  "h": 0.013177344768292848,
  "f": 0.012663269344031893,
  "_": 0.011654218949196634,
  "g": 0.010447982283226654,
  ":": 0.010007171379257485,
  "/": 0.009639605563455379,
  "-": 0.009198558713744524,
  "b": 0.009146275919714288,
  "(": 0.008783393687609999,
  ")": 0.00878307383042064,
  "=": 0.008744797844383628,
  "\t": 0.008538247497327659,
  "A": 0.007767514888310448,
  "y": 0.007187974181589629,
  "x": 0.006885825399164974,
  ">": 0.006601179219807572,
  ";": 0.006432917114276367,
  "v": 0.006392810312942861,
  "<": 0.005588752382891621,
  "T": 0.0052464445752982624,
  "E": 0.005029471432752954,
  "w": 0.004988940657789095,
  "S": 0.004647029000556598,
  "C": 0.004334596318170464,
  "I": 0.00428202425046535,
  "'": 0.004244158436833745,
  "*": 0.004138235691516938,
  "k": 0.0039050514093299606,
  "N": 0.0038343793111321103,
  "}": 0.003785977090327408,
  "{": 0.003780970005916846,
  "L": 0.003669105888465503,
  "R": 0.0034797895174344304,
  "D": 0.00339626075012549,
  "O": 0.0030958076414026514,
  "M": 0.0030069372479904466,
  "P": 0.0028727320388252323,
  "F": 0.0025964597803065236,
  "B": 0.0024329716840989853,
  "U": 0.002212370254720162,
  "\\": 0.0021457244706832813,
  "[": 0.0020946745124750575,
  "]": 0.0020894685800154672,
  "j": 0.001972951793610186,
  "#": 0.0018737503552520868,
  "G": 0.0018254882444830407,
  "z": 0.0017646563092621908,
  "&": 0.0016451076697606795,
  "H": 0.0015889290659525652,
  "+": 0.0014620133325746532,
  "q": 0.0014372876100096385,
  "V": 0.0013536966819835392,
  "\r": 0.001312299079683245,
  "|": 0.0012056636391102047,
  "W": 0.0011968344986678795,
  "Q": 0.0010784681273001786,
  "Y": 0.0010548421967486947,
  "K": 0.000943744433716177,
  "X": 0.0009330206611132067,
  "$": 0.0009133996252215758,
  "%": 0.0008314472890309153,
  "!": 0.0007853605825428242,
  "J": 0.0007435721295520473,
  "\u0000": 0.0007241964242350639,
  "Z": 0.0006862208632626854,
  "@": 0.0005934963949768425,
  "?": 0.0005487763409878461,
  "\u0001": 0.0004583842797179487,
  "`": 0.0004393835260803098,
  "^": 0.0001961208165688575,
  "\u0002": 0.00017613355137204823,
  "\u0004": 0.00013072233203773493,
  "\u0003": 0.00012936683092839698,
  "\u0005": 0.00010014444845623849,
  "~": 0.00008139896227520861,
  "\u0006": 0.00007445738776635586,
  "\u0007": 0.00007419571654137166,
  "\b": 0.000048243561922718126,
  "\u000b": 0.000029690409612541604,
  "\f": 0.000026819313184487223,
  "\u0010": 0.000023944904462445697,
  "\u000f": 0.000022240508386462177,
  "\u000e": 0.00002056647500536079,
  "\u0011": 0.000019355721143260945,
  "\u0012": 0.00001606628198463057,
  "\u0013": 0.000015820730590383805,
  "\u0014": 0.000013587581984252903,
  "\u0015": 0.000013156100487527918,
  "\u0016": 0.00001030686519978867,
  "\u0017": 0.000009766078001488011,
  "\u0018": 0.0000073225987271736165,
  "\u0019": 0.0000072487345712603575,
  "\u001b": 0.000005082825533068433,
  "\u001a": 0.000004473363439434369,
  "\u001d": 0.000004372228063026977,
  "\u001f": 0.000003787276944897762,
  "\u001c": 0.000003743665074067064,
  "\u001e": 0.0000030500707131596024,
  "": 0.0000020933697998735226
}